"# This table includes qualifying fusion and splice variant events reported by the LocalApp pipeline. To quality, an event needs to have either a) a positive numeric ""Score"" value or b) the ""LocalApp_Reported"" value set to ""True"" (the latter applies only to fusion events)."																																							
"# Field legend (tags ""[F]"", ""[S]"" and ""[FS]"" specify that given field/text applies to fusion events only, splice events only and both event types, respectively):"																																							
"# - [FS] ""Provisional_Event_Type"": event type as suggested by the LocalApp; one of [""Fusion"", ""Splice_variant""];"																																							
"# - [FS] ""Event_Type"": final, QC-based decision regarding the event type; one of [""Fusion"", ""Splice_variant""];"																																							
"# - [FS] ""Sample_ID"": ID of the processed sample;"																																							
Provisional_Event_Type	Event_type	Sample_ID	Caller	LocalApp_Reported	Score	Filters	Precision	Gene_A	Gene_B	Chrom_S	Chrom_A	Chrom_B	Provisional_Event_Site_A	Provisional_Event_Site_B	Event_Site_A	Event_Site_B	Provisional_Event_ID	Event_ID	Fusion_Directionality_Known	Strand_S	Strand_A	Strand_B	Transcript_S	Transcript_A	Transcript_B	Exon_A	Exon_B	Motif	Max_Spliced_Alignment_Overhang	Ref_Split_Dedup	Alt_Split_Dedup	Alt_Paired_Dedup	Ref_Gene_A_Dedup	Ref_Gene_B_Dedup	Event_Support_Dedup_Fraction	Event_Support_Dedup_Percentage	Outcome	QC_Verdict	QC_Fail_Reasons
Splice_variant	.	sample1	SpliceGirl	N/A	1	N/A	N/A	NRG1	NRG1	chr8	N/A	N/A	32617925	32621245	.	.	NRG1:chr8:32617925:NRG1:chr8:32621245	.	N/A	+	N/A	N/A	.	N/A	N/A	.	.	1	38	3884	11	N/A	N/A	N/A	0.003	0.282	.	.	.
Fusion	.	sample1	Manta/RnaFusionFilter	True	0.908	LowFusionRatio	Precise	NRG1	ATP1B1	N/A	chr8	chr1	32474403	169080608	.	.	NRG1:chr8:32474403:ATP1B1:chr1:169080608	.	False	N/A	.	.	N/A	.	.	.	.	N/A	N/A	N/A	26	8	1543	315	0.018	1.797	.	.	.
Splice_variant	.	sample1	SpliceGirl	N/A	0.9	N/A	N/A	NRG1	NRG1	chr8	N/A	N/A	32472873	32472987	.	.	NRG1:chr8:32472873:NRG1:chr8:32472987	.	N/A	+	N/A	N/A	.	N/A	N/A	.	.	1	37	30	9	N/A	N/A	N/A	0.231	23.077	.	.	.
Fusion	.	sample1	Manta/RnaFusionFilter	True	0.864	PASS	Precise	ATP1B1	NRG1	N/A	chr1	chr8	169080734	32453344	.	.	ATP1B1:chr1:169080734:NRG1:chr8:32453344	.	True	N/A	.	.	N/A	.	.	.	.	N/A	N/A	N/A	1849	303	3	896	0.705	70.534	.	.	.
Fusion	.	sample1	SpliceGirl	False	0.2	N/A	N/A	FIP1L1;PDGFRA	FIP1L1;PDGFRA	N/A	chr4	chr4	55130043	55133590	.	.	FIP1L1;PDGFRA:chr4:55130043:FIP1L1;PDGFRA:chr4:55133590	.	True	N/A	.	.	N/A	.	.	.	.	N/A	N/A	N/A	2	N/A	420	N/A	N/A	N/A	.	.	.
Fusion	.	sample1	SpliceGirl	False	0.1	N/A	N/A	FIP1L1;PDGFRA	FIP1L1;PDGFRA	N/A	chr4	chr4	55095519	55127478	.	.	FIP1L1;PDGFRA:chr4:55095519:FIP1L1;PDGFRA:chr4:55127478	.	True	N/A	.	.	N/A	.	.	.	.	N/A	N/A	N/A	1	N/A	125	N/A	N/A	N/A	.	.	.
Fusion	.	sample1	SpliceGirl	False	0.1	N/A	N/A	FIP1L1;PDGFRA	FIP1L1;PDGFRA	N/A	chr4	chr4	55124985	55127498	.	.	FIP1L1;PDGFRA:chr4:55124985:FIP1L1;PDGFRA:chr4:55127498	.	True	N/A	.	.	N/A	.	.	.	.	N/A	N/A	N/A	1	N/A	1624	N/A	N/A	N/A	.	.	.
Fusion	.	sample1	SpliceGirl	False	0.1	N/A	N/A	FIP1L1;PDGFRA	FIP1L1;PDGFRA	N/A	chr4	chr4	55129725	55129787	.	.	FIP1L1;PDGFRA:chr4:55129725:FIP1L1;PDGFRA:chr4:55129787	.	True	N/A	.	.	N/A	.	.	.	.	N/A	N/A	N/A	1	N/A	0	N/A	N/A	N/A	.	.	.
Fusion	.	sample1	SpliceGirl	False	0.1	N/A	N/A	FIP1L1;PDGFRA	FIP1L1;PDGFRA	N/A	chr4	chr4	55130037	55138624	.	.	FIP1L1;PDGFRA:chr4:55130037:FIP1L1;PDGFRA:chr4:55138624	.	True	N/A	.	.	N/A	.	.	.	.	N/A	N/A	N/A	1	N/A	297	N/A	N/A	N/A	.	.	.
Fusion	.	sample1	SpliceGirl	False	0.1	N/A	N/A	FIP1L1;PDGFRA	FIP1L1;PDGFRA	N/A	chr4	chr4	55130101	55131096	.	.	FIP1L1;PDGFRA:chr4:55130101:FIP1L1;PDGFRA:chr4:55131096	.	True	N/A	.	.	N/A	.	.	.	.	N/A	N/A	N/A	1	N/A	1465	N/A	N/A	N/A	.	.	.
Fusion	.	sample1	SpliceGirl	False	0.1	N/A	N/A	FIP1L1;PDGFRA	FIP1L1;PDGFRA	N/A	chr4	chr4	55156622	55156644	.	.	FIP1L1;PDGFRA:chr4:55156622:FIP1L1;PDGFRA:chr4:55156644	.	True	N/A	.	.	N/A	.	.	.	.	N/A	N/A	N/A	1	N/A	0	N/A	N/A	N/A	.	.	.
Fusion	.	sample1	SpliceGirl	False	0.1	N/A	N/A	FIP1L1;PDGFRA	PDGFRA	N/A	chr4	chr4	55151658	55161746	.	.	FIP1L1;PDGFRA:chr4:55151658:PDGFRA:chr4:55161746	.	True	N/A	.	.	N/A	.	.	.	.	N/A	N/A	N/A	1	N/A	0	N/A	N/A	N/A	.	.	.
Fusion	.	sample1	SpliceGirl	False	0.1	Read-Through	N/A	PRCC	NTRK1	N/A	chr1	chr1	156767134	156811872	.	.	PRCC:chr1:156767134:NTRK1:chr1:156811872	.	True	N/A	.	.	N/A	.	.	.	.	N/A	N/A	N/A	1	N/A	0	N/A	N/A	N/A	.	.	.
Fusion	.	sample1	SpliceGirl	False	0.1	Read-Through	N/A	TACC3	FGFR3	N/A	chr4	chr4	1739776	1808345	.	.	TACC3:chr4:1739776:FGFR3:chr4:1808345	.	True	N/A	.	.	N/A	.	.	.	.	N/A	N/A	N/A	1	N/A	0	N/A	N/A	N/A	.	.	.
